{
    "example-vip-method-1-api-link":{
        "apis":[
            "api link 1"
        ],
        "network": "VIP"
    },
    "example-vip-method-2-api-link":{
        "apis":[
            "api link 1",
            "api link 2"
        ],
        "network": "VIP"
    },
    "example-basic-method-1-api-link":{
        "apis":[
            "api link 1"
        ],
        "network": "BASIC"
    },
    "example-basic-method-2-api-link":{
        "apis":[
            "api link 1",
            "api link 2"
        ],
        "network": "BASIC"
    },
    "boipho-x":{
        "apis":[
            "http://dfgfgfdfdggfdgdfgdfgg/attack?target=<ip>&time=<time>&method=TCP-NOVA"
        ],
        "network": "VIP"
    },
    "100up":{
        "apis":[
            "http://dfgfgfdfdggfdgdfgdfgg/attack?target=<ip>&port=<port>&time=<time>&method=TCP-NOVA"
        ],
        "network": "VIP"
    }
}
